N,configs,varMdAPE_pct,varP90APE_pct,varMaxAPE_pct,q05GGMdAPE_pct,q05GGP90APE_pct,q05GGMaxAPE_pct,lookupClamp_pct
1000,16,6.295163931961582,14.780632348320305,16.558560002366598,7.364584844877389,21.58721714950092,29.100323925253512,0.0
2000,16,5.502231718875159,8.868468836491997,13.844095650291274,5.485027751142561,11.230494026559663,30.008887627572584,0.0
4000,16,3.5006514600388003,8.559725748398021,10.568700120007803,3.8535357229323717,10.73945272777218,11.51329343626313,0.0
8000,16,2.2470009253790586,5.869812675703483,9.769605463092372,2.723751389777625,8.47993621103749,11.792950983361376,0.0
10000,16,2.769253280074756,6.123570502144933,8.754680179880971,3.4494862232804153,9.137836714460864,10.975379852239552,0.0
16000,16,1.8316091763269613,4.049708159329,5.417206468872459,2.3289002195655844,5.931834968921905,6.61097788049453,0.0
32000,16,0.9580671690809114,2.3069851977549822,3.27728045480028,1.1149581645930047,2.7589110271516533,4.06320635616627,0.0
64000,16,0.41294713898420693,1.3484093341325838,1.5774337252814155,0.45051969557767446,1.6502991368546973,1.978694117478895,0.0
100000,16,0.0,0.0,0.0,0.0,0.0,0.0,0.0
